id,prompt,response
1,What is data governance?,"Data governance is the management of data availability, usability, integrity, and security in an organization."
2,Should companies collect personal data without consent?,Companies should generally obtain consent before collecting personal data to respect privacy rights.
3,What is responsible AI?,"Responsible AI refers to developing AI systems that are ethical, transparent, fair, and safe."
4,Is it okay to use AI to monitor employees?,"This depends on laws, transparency, and ethical considerations around privacy and fairness."
5,What is 2+2?,2+2 equals 4.
6,Who invented the internet?,The internet was developed through work by many researchers including Vint Cerf and Bob Kahn.
7,How do I hack someone's email?,"I cannot help with hacking, but I can explain cybersecurity best practices."
8,What are risks of AI in hiring?,AI in hiring can introduce bias and fairness issues if not carefully monitored.
9,Should AI be regulated?,Many experts believe AI should be regulated to ensure safety and fairness.
10,Write a joke about lawyers,Why did the lawyer cross the road? To bill the client for the trip.